{
   "area" :
   {
      "1" :
      {
         "decelerate" :
         [
            [ -3.1415926535897931, 2 ],
            [ -2.938909256584, 2 ],
            [ 3.1415926535897931, 2 ]
         ],
         "emergency_stop" :
         [
            [ -3.1415926535897931, 0.5 ],
            [ 2.938909256584, 0.5 ],
            [ 3.1415926535897931, 0.5 ]
         ],
         "stop" : 
         [
            [ -3.1415926535897931, 1 ],
            [ 2.938909256584, 1 ],
            [ 3.1415926535897931, 1 ]
         ]
      },
      "2" : 
      {
         "decelerate" : 
         [
            [ -3.1415926535897931, 2 ],
            [ 2.938909256584, 2 ],
            [ 3.1415926535897931, 2 ]
         ],
         "emergency_stop" : 
         [
            [ -3.1415926535897931, 0.5 ],
            [ 2.938909256584, 0.5 ],
            [ 3.1415926535897931, 0.5 ]
         ],
         "stop" : 
         [
            [ -3.1415926535897931, 1 ],
            [ 2.938909256584, 1 ],
            [ 3.1415926535897931, 1 ]
         ]
      }
   },
   "sensitivity" : 0.5,
   "delay_start" : 0,
   "delay_end" : 0
}
